sample,leaf_coverage_percent,annotation_mode,status,output_dir,input_components,output_polygons,output_points,error
s3_Potato__00a3eeff7178f46e,3.4815,ignore,ignored_manual_review,D:\Vipin\projects\leaf_coverage_detector\experiments\9.3.coatnet_2_rw_224_experimentation\runs\exp11_6\potato\s3_Potato__00a3eeff7178f46e,,0,0,
s3_Potato__03c87ba978448657,77.7191,ignore,ignored_manual_review,D:\Vipin\projects\leaf_coverage_detector\experiments\9.3.coatnet_2_rw_224_experimentation\runs\exp11_6\potato\s3_Potato__03c87ba978448657,,0,0,
s3_Potato__04f214cffaef636b,0.6388,negative_point,ok,D:\Vipin\projects\leaf_coverage_detector\experiments\9.3.coatnet_2_rw_224_experimentation\runs\exp11_6\potato\s3_Potato__04f214cffaef636b,,0,1,
s3_Potato__0a82acfc74963a3a,0.0,negative_point,ok,D:\Vipin\projects\leaf_coverage_detector\experiments\9.3.coatnet_2_rw_224_experimentation\runs\exp11_6\potato\s3_Potato__0a82acfc74963a3a,,0,1,
s3_Potato__0b45e59d51654fbe,0.0,negative_point,ok,D:\Vipin\projects\leaf_coverage_detector\experiments\9.3.coatnet_2_rw_224_experimentation\runs\exp11_6\potato\s3_Potato__0b45e59d51654fbe,,0,1,
s3_Potato__0c606c2143df0e89,0.0,negative_point,ok,D:\Vipin\projects\leaf_coverage_detector\experiments\9.3.coatnet_2_rw_224_experimentation\runs\exp11_6\potato\s3_Potato__0c606c2143df0e89,,0,1,
s3_Potato__0dab6f9ea6a2c9be,4.5045,ignore,ignored_manual_review,D:\Vipin\projects\leaf_coverage_detector\experiments\9.3.coatnet_2_rw_224_experimentation\runs\exp11_6\potato\s3_Potato__0dab6f9ea6a2c9be,,0,0,
s3_Potato__0e14b3b973d386a1,0.897,negative_point,ok,D:\Vipin\projects\leaf_coverage_detector\experiments\9.3.coatnet_2_rw_224_experimentation\runs\exp11_6\potato\s3_Potato__0e14b3b973d386a1,,0,1,
s3_Potato__0e945b6b0fe62112,1.8855,ignore,ignored_manual_review,D:\Vipin\projects\leaf_coverage_detector\experiments\9.3.coatnet_2_rw_224_experimentation\runs\exp11_6\potato\s3_Potato__0e945b6b0fe62112,,0,0,
s3_Potato__0e97cb6b083396f1,34.442,ignore,ignored_manual_review,D:\Vipin\projects\leaf_coverage_detector\experiments\9.3.coatnet_2_rw_224_experimentation\runs\exp11_6\potato\s3_Potato__0e97cb6b083396f1,,0,0,
s3_Potato__0f64ee375ce37376,30.0115,ignore,ignored_manual_review,D:\Vipin\projects\leaf_coverage_detector\experiments\9.3.coatnet_2_rw_224_experimentation\runs\exp11_6\potato\s3_Potato__0f64ee375ce37376,,0,0,
s3_Potato__0f857cc20664b4af,23.5117,ignore,ignored_manual_review,D:\Vipin\projects\leaf_coverage_detector\experiments\9.3.coatnet_2_rw_224_experimentation\runs\exp11_6\potato\s3_Potato__0f857cc20664b4af,,0,0,
s3_Potato__0faaf0ebf3edc277,58.5001,ignore,ignored_manual_review,D:\Vipin\projects\leaf_coverage_detector\experiments\9.3.coatnet_2_rw_224_experimentation\runs\exp11_6\potato\s3_Potato__0faaf0ebf3edc277,,0,0,
s3_Potato__0fade5af12f35320,37.9412,ignore,ignored_manual_review,D:\Vipin\projects\leaf_coverage_detector\experiments\9.3.coatnet_2_rw_224_experimentation\runs\exp11_6\potato\s3_Potato__0fade5af12f35320,,0,0,
s3_Potato__1ab5318b3228528a,28.947,ignore,ignored_manual_review,D:\Vipin\projects\leaf_coverage_detector\experiments\9.3.coatnet_2_rw_224_experimentation\runs\exp11_6\potato\s3_Potato__1ab5318b3228528a,,0,0,
s3_Potato__1adb41490e3d5939,13.6283,ignore,ignored_manual_review,D:\Vipin\projects\leaf_coverage_detector\experiments\9.3.coatnet_2_rw_224_experimentation\runs\exp11_6\potato\s3_Potato__1adb41490e3d5939,,0,0,
s3_Potato__1b86538b8f63f6de,67.572,ignore,ignored_manual_review,D:\Vipin\projects\leaf_coverage_detector\experiments\9.3.coatnet_2_rw_224_experimentation\runs\exp11_6\potato\s3_Potato__1b86538b8f63f6de,,0,0,
s3_Potato__1bb21608ba522cdd,16.1938,ignore,ignored_manual_review,D:\Vipin\projects\leaf_coverage_detector\experiments\9.3.coatnet_2_rw_224_experimentation\runs\exp11_6\potato\s3_Potato__1bb21608ba522cdd,,0,0,
s3_Potato__1c2228594b678b2e,19.1762,ignore,ignored_manual_review,D:\Vipin\projects\leaf_coverage_detector\experiments\9.3.coatnet_2_rw_224_experimentation\runs\exp11_6\potato\s3_Potato__1c2228594b678b2e,,0,0,
s3_Potato__1c5fe21c42322cdb,0.0,negative_point,ok,D:\Vipin\projects\leaf_coverage_detector\experiments\9.3.coatnet_2_rw_224_experimentation\runs\exp11_6\potato\s3_Potato__1c5fe21c42322cdb,,0,1,
s3_Potato__1c7400a0b1f5ad5c,10.6595,ignore,ignored_manual_review,D:\Vipin\projects\leaf_coverage_detector\experiments\9.3.coatnet_2_rw_224_experimentation\runs\exp11_6\potato\s3_Potato__1c7400a0b1f5ad5c,,0,0,
s3_Potato__1d13c911bb2d0da5,0.9787,negative_point,ok,D:\Vipin\projects\leaf_coverage_detector\experiments\9.3.coatnet_2_rw_224_experimentation\runs\exp11_6\potato\s3_Potato__1d13c911bb2d0da5,,0,1,
s3_Potato__1f8e86a33670c941,17.7239,ignore,ignored_manual_review,D:\Vipin\projects\leaf_coverage_detector\experiments\9.3.coatnet_2_rw_224_experimentation\runs\exp11_6\potato\s3_Potato__1f8e86a33670c941,,0,0,
s3_Potato__2ab5b1ee1a933128,0.0,negative_point,ok,D:\Vipin\projects\leaf_coverage_detector\experiments\9.3.coatnet_2_rw_224_experimentation\runs\exp11_6\potato\s3_Potato__2ab5b1ee1a933128,,0,1,
s3_Potato__2adcbe98eefd9484,51.892,ignore,ignored_manual_review,D:\Vipin\projects\leaf_coverage_detector\experiments\9.3.coatnet_2_rw_224_experimentation\runs\exp11_6\potato\s3_Potato__2adcbe98eefd9484,,0,0,
s3_Potato__2b1fb5f5e85e6da0,0.0,negative_point,ok,D:\Vipin\projects\leaf_coverage_detector\experiments\9.3.coatnet_2_rw_224_experimentation\runs\exp11_6\potato\s3_Potato__2b1fb5f5e85e6da0,,0,1,
s3_Potato__2b7ceccccdef58bc,0.1994,negative_point,ok,D:\Vipin\projects\leaf_coverage_detector\experiments\9.3.coatnet_2_rw_224_experimentation\runs\exp11_6\potato\s3_Potato__2b7ceccccdef58bc,,0,1,
s3_Potato__2fdf11d6ef0f26fa,0.0,negative_point,ok,D:\Vipin\projects\leaf_coverage_detector\experiments\9.3.coatnet_2_rw_224_experimentation\runs\exp11_6\potato\s3_Potato__2fdf11d6ef0f26fa,,0,1,
s3_Potato__3a919de9d72eae3b,0.5468,negative_point,ok,D:\Vipin\projects\leaf_coverage_detector\experiments\9.3.coatnet_2_rw_224_experimentation\runs\exp11_6\potato\s3_Potato__3a919de9d72eae3b,,0,1,
s3_Potato__3b20cd6f4d19734e,12.9334,ignore,ignored_manual_review,D:\Vipin\projects\leaf_coverage_detector\experiments\9.3.coatnet_2_rw_224_experimentation\runs\exp11_6\potato\s3_Potato__3b20cd6f4d19734e,,0,0,
s3_Potato__3b8248cd32b6c320,42.3908,ignore,ignored_manual_review,D:\Vipin\projects\leaf_coverage_detector\experiments\9.3.coatnet_2_rw_224_experimentation\runs\exp11_6\potato\s3_Potato__3b8248cd32b6c320,,0,0,
s3_Potato__3bd6dc729a78f296,0.0,negative_point,ok,D:\Vipin\projects\leaf_coverage_detector\experiments\9.3.coatnet_2_rw_224_experimentation\runs\exp11_6\potato\s3_Potato__3bd6dc729a78f296,,0,1,
s3_Potato__3c105bd5259b53e0,31.8967,ignore,ignored_manual_review,D:\Vipin\projects\leaf_coverage_detector\experiments\9.3.coatnet_2_rw_224_experimentation\runs\exp11_6\potato\s3_Potato__3c105bd5259b53e0,,0,0,
s3_Potato__3d5e001916871044,0.0,negative_point,ok,D:\Vipin\projects\leaf_coverage_detector\experiments\9.3.coatnet_2_rw_224_experimentation\runs\exp11_6\potato\s3_Potato__3d5e001916871044,,0,1,
s3_Potato__3d6e7adf5d1cd6df,0.3258,negative_point,ok,D:\Vipin\projects\leaf_coverage_detector\experiments\9.3.coatnet_2_rw_224_experimentation\runs\exp11_6\potato\s3_Potato__3d6e7adf5d1cd6df,,0,1,
s3_Potato__3da401d0438a7167,30.8933,ignore,ignored_manual_review,D:\Vipin\projects\leaf_coverage_detector\experiments\9.3.coatnet_2_rw_224_experimentation\runs\exp11_6\potato\s3_Potato__3da401d0438a7167,,0,0,
s3_Potato__3e30090d2ceecbbf,8.8585,ignore,ignored_manual_review,D:\Vipin\projects\leaf_coverage_detector\experiments\9.3.coatnet_2_rw_224_experimentation\runs\exp11_6\potato\s3_Potato__3e30090d2ceecbbf,,0,0,
s3_Potato__3e5948a5e8d59379,53.4494,ignore,ignored_manual_review,D:\Vipin\projects\leaf_coverage_detector\experiments\9.3.coatnet_2_rw_224_experimentation\runs\exp11_6\potato\s3_Potato__3e5948a5e8d59379,,0,0,
s3_Potato__3f85e9593caa3367,0.0,negative_point,ok,D:\Vipin\projects\leaf_coverage_detector\experiments\9.3.coatnet_2_rw_224_experimentation\runs\exp11_6\potato\s3_Potato__3f85e9593caa3367,,0,1,
s3_Potato__4b0b157fca3d41ee,52.9331,ignore,ignored_manual_review,D:\Vipin\projects\leaf_coverage_detector\experiments\9.3.coatnet_2_rw_224_experimentation\runs\exp11_6\potato\s3_Potato__4b0b157fca3d41ee,,0,0,
s3_Potato__4be575e680ecab1f,0.0,negative_point,ok,D:\Vipin\projects\leaf_coverage_detector\experiments\9.3.coatnet_2_rw_224_experimentation\runs\exp11_6\potato\s3_Potato__4be575e680ecab1f,,0,1,
s3_Potato__4c1f7cff2c5e610e,36.6169,ignore,ignored_manual_review,D:\Vipin\projects\leaf_coverage_detector\experiments\9.3.coatnet_2_rw_224_experimentation\runs\exp11_6\potato\s3_Potato__4c1f7cff2c5e610e,,0,0,
s3_Potato__4cceffe29bf61230,35.995,ignore,ignored_manual_review,D:\Vipin\projects\leaf_coverage_detector\experiments\9.3.coatnet_2_rw_224_experimentation\runs\exp11_6\potato\s3_Potato__4cceffe29bf61230,,0,0,
s3_Potato__4e10e138357f1052,0.1471,negative_point,ok,D:\Vipin\projects\leaf_coverage_detector\experiments\9.3.coatnet_2_rw_224_experimentation\runs\exp11_6\potato\s3_Potato__4e10e138357f1052,,0,1,
s3_Potato__4e3ee5f6ada66416,28.0399,ignore,ignored_manual_review,D:\Vipin\projects\leaf_coverage_detector\experiments\9.3.coatnet_2_rw_224_experimentation\runs\exp11_6\potato\s3_Potato__4e3ee5f6ada66416,,0,0,
s3_Potato__bb5a0ee2f4257d2c,0.0,negative_point,ok,D:\Vipin\projects\leaf_coverage_detector\experiments\9.3.coatnet_2_rw_224_experimentation\runs\exp11_6\potato\s3_Potato__bb5a0ee2f4257d2c,,0,1,
s3_Potato__bb659f5112921e84,0.0,negative_point,ok,D:\Vipin\projects\leaf_coverage_detector\experiments\9.3.coatnet_2_rw_224_experimentation\runs\exp11_6\potato\s3_Potato__bb659f5112921e84,,0,1,
s3_Potato__bbfe00d9b1a8691a,4.7008,ignore,ignored_manual_review,D:\Vipin\projects\leaf_coverage_detector\experiments\9.3.coatnet_2_rw_224_experimentation\runs\exp11_6\potato\s3_Potato__bbfe00d9b1a8691a,,0,0,
s3_Potato__bc738944369f05fc,8.2016,ignore,ignored_manual_review,D:\Vipin\projects\leaf_coverage_detector\experiments\9.3.coatnet_2_rw_224_experimentation\runs\exp11_6\potato\s3_Potato__bc738944369f05fc,,0,0,
s3_Potato__bde8f2ac08b73642,0.8215,negative_point,ok,D:\Vipin\projects\leaf_coverage_detector\experiments\9.3.coatnet_2_rw_224_experimentation\runs\exp11_6\potato\s3_Potato__bde8f2ac08b73642,,0,1,
s3_Potato__be5ec2239bfe6dc0,40.9884,ignore,ignored_manual_review,D:\Vipin\projects\leaf_coverage_detector\experiments\9.3.coatnet_2_rw_224_experimentation\runs\exp11_6\potato\s3_Potato__be5ec2239bfe6dc0,,0,0,
s3_Potato__beb03e2eed16bd8d,29.0842,ignore,ignored_manual_review,D:\Vipin\projects\leaf_coverage_detector\experiments\9.3.coatnet_2_rw_224_experimentation\runs\exp11_6\potato\s3_Potato__beb03e2eed16bd8d,,0,0,
s3_Potato__bf2a32d7d65a9409,40.0909,ignore,ignored_manual_review,D:\Vipin\projects\leaf_coverage_detector\experiments\9.3.coatnet_2_rw_224_experimentation\runs\exp11_6\potato\s3_Potato__bf2a32d7d65a9409,,0,0,
s3_Potato__bf2c0dcd0df6537e,3.8978,ignore,ignored_manual_review,D:\Vipin\projects\leaf_coverage_detector\experiments\9.3.coatnet_2_rw_224_experimentation\runs\exp11_6\potato\s3_Potato__bf2c0dcd0df6537e,,0,0,
s3_Potato__c00cba06a15a40eb,0.0,negative_point,ok,D:\Vipin\projects\leaf_coverage_detector\experiments\9.3.coatnet_2_rw_224_experimentation\runs\exp11_6\potato\s3_Potato__c00cba06a15a40eb,,0,1,
s3_Potato__c15d0e3ba71b2d52,0.0,negative_point,ok,D:\Vipin\projects\leaf_coverage_detector\experiments\9.3.coatnet_2_rw_224_experimentation\runs\exp11_6\potato\s3_Potato__c15d0e3ba71b2d52,,0,1,
s3_Potato__c4a50872cb00cd53,0.0,negative_point,ok,D:\Vipin\projects\leaf_coverage_detector\experiments\9.3.coatnet_2_rw_224_experimentation\runs\exp11_6\potato\s3_Potato__c4a50872cb00cd53,,0,1,
s3_Potato__c55e38a07e1181a5,0.0,negative_point,ok,D:\Vipin\projects\leaf_coverage_detector\experiments\9.3.coatnet_2_rw_224_experimentation\runs\exp11_6\potato\s3_Potato__c55e38a07e1181a5,,0,1,
s3_Potato__c6bdc82ee23267b2,0.0,negative_point,ok,D:\Vipin\projects\leaf_coverage_detector\experiments\9.3.coatnet_2_rw_224_experimentation\runs\exp11_6\potato\s3_Potato__c6bdc82ee23267b2,,0,1,
s3_Potato__c715404854c2e09b,38.7671,ignore,ignored_manual_review,D:\Vipin\projects\leaf_coverage_detector\experiments\9.3.coatnet_2_rw_224_experimentation\runs\exp11_6\potato\s3_Potato__c715404854c2e09b,,0,0,
s3_Potato__c9503d053e631f49,30.319,ignore,ignored_manual_review,D:\Vipin\projects\leaf_coverage_detector\experiments\9.3.coatnet_2_rw_224_experimentation\runs\exp11_6\potato\s3_Potato__c9503d053e631f49,,0,0,
s3_Potato__c965a346476c7d19,18.1962,ignore,ignored_manual_review,D:\Vipin\projects\leaf_coverage_detector\experiments\9.3.coatnet_2_rw_224_experimentation\runs\exp11_6\potato\s3_Potato__c965a346476c7d19,,0,0,
s3_Potato__cac6ca9dc3ff3a10,9.3852,ignore,ignored_manual_review,D:\Vipin\projects\leaf_coverage_detector\experiments\9.3.coatnet_2_rw_224_experimentation\runs\exp11_6\potato\s3_Potato__cac6ca9dc3ff3a10,,0,0,
s3_Potato__cad1398da372d1f2,10.3854,ignore,ignored_manual_review,D:\Vipin\projects\leaf_coverage_detector\experiments\9.3.coatnet_2_rw_224_experimentation\runs\exp11_6\potato\s3_Potato__cad1398da372d1f2,,0,0,
s3_Potato__cb7b40d9dfa0c241,71.3186,ignore,ignored_manual_review,D:\Vipin\projects\leaf_coverage_detector\experiments\9.3.coatnet_2_rw_224_experimentation\runs\exp11_6\potato\s3_Potato__cb7b40d9dfa0c241,,0,0,
s3_Potato__cb8df8c50d402bba,54.5214,ignore,ignored_manual_review,D:\Vipin\projects\leaf_coverage_detector\experiments\9.3.coatnet_2_rw_224_experimentation\runs\exp11_6\potato\s3_Potato__cb8df8c50d402bba,,0,0,
s3_Potato__cca08f085dda800f,0.0054,negative_point,ok,D:\Vipin\projects\leaf_coverage_detector\experiments\9.3.coatnet_2_rw_224_experimentation\runs\exp11_6\potato\s3_Potato__cca08f085dda800f,,0,1,
s3_Potato__cefc7f3c9f4527bc,0.0,negative_point,ok,D:\Vipin\projects\leaf_coverage_detector\experiments\9.3.coatnet_2_rw_224_experimentation\runs\exp11_6\potato\s3_Potato__cefc7f3c9f4527bc,,0,1,
s3_Potato__cfb2a1cf1db4ff23,6.114,ignore,ignored_manual_review,D:\Vipin\projects\leaf_coverage_detector\experiments\9.3.coatnet_2_rw_224_experimentation\runs\exp11_6\potato\s3_Potato__cfb2a1cf1db4ff23,,0,0,
s3_Potato__crop_1764754071366,16.8053,ignore,ignored_manual_review,D:\Vipin\projects\leaf_coverage_detector\experiments\9.3.coatnet_2_rw_224_experimentation\runs\exp11_6\potato\s3_Potato__crop_1764754071366,,0,0,
s3_Potato__crop_1764754195518,7.2879,ignore,ignored_manual_review,D:\Vipin\projects\leaf_coverage_detector\experiments\9.3.coatnet_2_rw_224_experimentation\runs\exp11_6\potato\s3_Potato__crop_1764754195518,,0,0,
s3_Potato__crop_1764754458924,22.2045,ignore,ignored_manual_review,D:\Vipin\projects\leaf_coverage_detector\experiments\9.3.coatnet_2_rw_224_experimentation\runs\exp11_6\potato\s3_Potato__crop_1764754458924,,0,0,
s3_Potato__crop_1764840747475,0.3989,negative_point,ok,D:\Vipin\projects\leaf_coverage_detector\experiments\9.3.coatnet_2_rw_224_experimentation\runs\exp11_6\potato\s3_Potato__crop_1764840747475,,0,1,
s3_Potato__crop_1764840889383,1.5223,ignore,ignored_manual_review,D:\Vipin\projects\leaf_coverage_detector\experiments\9.3.coatnet_2_rw_224_experimentation\runs\exp11_6\potato\s3_Potato__crop_1764840889383,,0,0,
s3_Potato__crop_1764840910805,5.5297,ignore,ignored_manual_review,D:\Vipin\projects\leaf_coverage_detector\experiments\9.3.coatnet_2_rw_224_experimentation\runs\exp11_6\potato\s3_Potato__crop_1764840910805,,0,0,
s3_Potato__crop_1764841507523,16.0881,ignore,ignored_manual_review,D:\Vipin\projects\leaf_coverage_detector\experiments\9.3.coatnet_2_rw_224_experimentation\runs\exp11_6\potato\s3_Potato__crop_1764841507523,,0,0,
s3_Potato__crop_1764925494097,0.0,negative_point,ok,D:\Vipin\projects\leaf_coverage_detector\experiments\9.3.coatnet_2_rw_224_experimentation\runs\exp11_6\potato\s3_Potato__crop_1764925494097,,0,1,
s3_Potato__crop_1764925503106,0.3409,negative_point,ok,D:\Vipin\projects\leaf_coverage_detector\experiments\9.3.coatnet_2_rw_224_experimentation\runs\exp11_6\potato\s3_Potato__crop_1764925503106,,0,1,
s3_Potato__crop_1764925510899,7.365,ignore,ignored_manual_review,D:\Vipin\projects\leaf_coverage_detector\experiments\9.3.coatnet_2_rw_224_experimentation\runs\exp11_6\potato\s3_Potato__crop_1764925510899,,0,0,
s3_Potato__crop_1764925578917,0.0,negative_point,ok,D:\Vipin\projects\leaf_coverage_detector\experiments\9.3.coatnet_2_rw_224_experimentation\runs\exp11_6\potato\s3_Potato__crop_1764925578917,,0,1,
s3_Potato__crop_1764925585235,0.5586,negative_point,ok,D:\Vipin\projects\leaf_coverage_detector\experiments\9.3.coatnet_2_rw_224_experimentation\runs\exp11_6\potato\s3_Potato__crop_1764925585235,,0,1,
s3_Potato__crop_1764925958478,2.2389,ignore,ignored_manual_review,D:\Vipin\projects\leaf_coverage_detector\experiments\9.3.coatnet_2_rw_224_experimentation\runs\exp11_6\potato\s3_Potato__crop_1764925958478,,0,0,
s3_Potato__crop_1764926128815,0.0,negative_point,ok,D:\Vipin\projects\leaf_coverage_detector\experiments\9.3.coatnet_2_rw_224_experimentation\runs\exp11_6\potato\s3_Potato__crop_1764926128815,,0,1,
s3_Potato__crop_1765448804531,14.2649,ignore,ignored_manual_review,D:\Vipin\projects\leaf_coverage_detector\experiments\9.3.coatnet_2_rw_224_experimentation\runs\exp11_6\potato\s3_Potato__crop_1765448804531,,0,0,
s3_Potato__crop_1765448829528,10.5305,ignore,ignored_manual_review,D:\Vipin\projects\leaf_coverage_detector\experiments\9.3.coatnet_2_rw_224_experimentation\runs\exp11_6\potato\s3_Potato__crop_1765448829528,,0,0,
s3_Potato__crop_1765530258267,0.0011,negative_point,ok,D:\Vipin\projects\leaf_coverage_detector\experiments\9.3.coatnet_2_rw_224_experimentation\runs\exp11_6\potato\s3_Potato__crop_1765530258267,,0,1,
s3_Potato__crop_1765530396003,0.2467,negative_point,ok,D:\Vipin\projects\leaf_coverage_detector\experiments\9.3.coatnet_2_rw_224_experimentation\runs\exp11_6\potato\s3_Potato__crop_1765530396003,,0,1,
s3_Potato__crop_1765530450793,0.3719,negative_point,ok,D:\Vipin\projects\leaf_coverage_detector\experiments\9.3.coatnet_2_rw_224_experimentation\runs\exp11_6\potato\s3_Potato__crop_1765530450793,,0,1,
s3_Potato__crop_1765530515014,3.713,ignore,ignored_manual_review,D:\Vipin\projects\leaf_coverage_detector\experiments\9.3.coatnet_2_rw_224_experimentation\runs\exp11_6\potato\s3_Potato__crop_1765530515014,,0,0,
s3_Potato__crop_1765530525029,1.4054,ignore,ignored_manual_review,D:\Vipin\projects\leaf_coverage_detector\experiments\9.3.coatnet_2_rw_224_experimentation\runs\exp11_6\potato\s3_Potato__crop_1765530525029,,0,0,
s3_Potato__crop_1765530564367,0.0431,negative_point,ok,D:\Vipin\projects\leaf_coverage_detector\experiments\9.3.coatnet_2_rw_224_experimentation\runs\exp11_6\potato\s3_Potato__crop_1765530564367,,0,1,
s3_Potato__crop_1765530596844,10.2865,ignore,ignored_manual_review,D:\Vipin\projects\leaf_coverage_detector\experiments\9.3.coatnet_2_rw_224_experimentation\runs\exp11_6\potato\s3_Potato__crop_1765530596844,,0,0,
s3_Potato__crop_1765530651954,0.0,negative_point,ok,D:\Vipin\projects\leaf_coverage_detector\experiments\9.3.coatnet_2_rw_224_experimentation\runs\exp11_6\potato\s3_Potato__crop_1765530651954,,0,1,
s3_Potato__crop_1765530672650,0.3042,negative_point,ok,D:\Vipin\projects\leaf_coverage_detector\experiments\9.3.coatnet_2_rw_224_experimentation\runs\exp11_6\potato\s3_Potato__crop_1765530672650,,0,1,
s3_Potato__crop_1765530845043,0.0,negative_point,ok,D:\Vipin\projects\leaf_coverage_detector\experiments\9.3.coatnet_2_rw_224_experimentation\runs\exp11_6\potato\s3_Potato__crop_1765530845043,,0,1,
s3_Potato__crop_1765530911582,0.0606,negative_point,ok,D:\Vipin\projects\leaf_coverage_detector\experiments\9.3.coatnet_2_rw_224_experimentation\runs\exp11_6\potato\s3_Potato__crop_1765530911582,,0,1,
s3_Potato__crop_1765530955017,26.6265,ignore,ignored_manual_review,D:\Vipin\projects\leaf_coverage_detector\experiments\9.3.coatnet_2_rw_224_experimentation\runs\exp11_6\potato\s3_Potato__crop_1765530955017,,0,0,
s3_Potato__crop_1765531011188,0.0,negative_point,ok,D:\Vipin\projects\leaf_coverage_detector\experiments\9.3.coatnet_2_rw_224_experimentation\runs\exp11_6\potato\s3_Potato__crop_1765531011188,,0,1,
s3_Potato__crop_1765531075076,1.026,ignore,ignored_manual_review,D:\Vipin\projects\leaf_coverage_detector\experiments\9.3.coatnet_2_rw_224_experimentation\runs\exp11_6\potato\s3_Potato__crop_1765531075076,,0,0,
s3_Potato__crop_1765531100171,0.1396,negative_point,ok,D:\Vipin\projects\leaf_coverage_detector\experiments\9.3.coatnet_2_rw_224_experimentation\runs\exp11_6\potato\s3_Potato__crop_1765531100171,,0,1,
s3_Potato__crop_1765531117116,0.0,negative_point,ok,D:\Vipin\projects\leaf_coverage_detector\experiments\9.3.coatnet_2_rw_224_experimentation\runs\exp11_6\potato\s3_Potato__crop_1765531117116,,0,1,
s3_Potato__crop_1765531150100,0.2551,negative_point,ok,D:\Vipin\projects\leaf_coverage_detector\experiments\9.3.coatnet_2_rw_224_experimentation\runs\exp11_6\potato\s3_Potato__crop_1765531150100,,0,1,
s3_Potato__crop_1765531189259,0.0,negative_point,ok,D:\Vipin\projects\leaf_coverage_detector\experiments\9.3.coatnet_2_rw_224_experimentation\runs\exp11_6\potato\s3_Potato__crop_1765531189259,,0,1,
s3_Potato__crop_1765531214923,0.0,negative_point,ok,D:\Vipin\projects\leaf_coverage_detector\experiments\9.3.coatnet_2_rw_224_experimentation\runs\exp11_6\potato\s3_Potato__crop_1765531214923,,0,1,
s3_Potato__crop_1765531218743,0.0,negative_point,ok,D:\Vipin\projects\leaf_coverage_detector\experiments\9.3.coatnet_2_rw_224_experimentation\runs\exp11_6\potato\s3_Potato__crop_1765531218743,,0,1,
s3_Potato__crop_1765531235010,0.0,negative_point,ok,D:\Vipin\projects\leaf_coverage_detector\experiments\9.3.coatnet_2_rw_224_experimentation\runs\exp11_6\potato\s3_Potato__crop_1765531235010,,0,1,
s3_Potato__crop_1765531270034,0.0,negative_point,ok,D:\Vipin\projects\leaf_coverage_detector\experiments\9.3.coatnet_2_rw_224_experimentation\runs\exp11_6\potato\s3_Potato__crop_1765531270034,,0,1,
s3_Potato__crop_1765531348049,0.5806,negative_point,ok,D:\Vipin\projects\leaf_coverage_detector\experiments\9.3.coatnet_2_rw_224_experimentation\runs\exp11_6\potato\s3_Potato__crop_1765531348049,,0,1,
s3_Potato__crop_1765531401718,0.0,negative_point,ok,D:\Vipin\projects\leaf_coverage_detector\experiments\9.3.coatnet_2_rw_224_experimentation\runs\exp11_6\potato\s3_Potato__crop_1765531401718,,0,1,
s3_Potato__crop_1765531405555,0.448,negative_point,ok,D:\Vipin\projects\leaf_coverage_detector\experiments\9.3.coatnet_2_rw_224_experimentation\runs\exp11_6\potato\s3_Potato__crop_1765531405555,,0,1,
s3_Potato__crop_1765531512942,0.0,negative_point,ok,D:\Vipin\projects\leaf_coverage_detector\experiments\9.3.coatnet_2_rw_224_experimentation\runs\exp11_6\potato\s3_Potato__crop_1765531512942,,0,1,
s3_Potato__crop_1765792980369,0.0,negative_point,ok,D:\Vipin\projects\leaf_coverage_detector\experiments\9.3.coatnet_2_rw_224_experimentation\runs\exp11_6\potato\s3_Potato__crop_1765792980369,,0,1,
s3_Potato__crop_1765792986338,3.4464,ignore,ignored_manual_review,D:\Vipin\projects\leaf_coverage_detector\experiments\9.3.coatnet_2_rw_224_experimentation\runs\exp11_6\potato\s3_Potato__crop_1765792986338,,0,0,
s3_Potato__crop_1765793101586,15.1937,ignore,ignored_manual_review,D:\Vipin\projects\leaf_coverage_detector\experiments\9.3.coatnet_2_rw_224_experimentation\runs\exp11_6\potato\s3_Potato__crop_1765793101586,,0,0,
s3_Potato__crop_1765793209687,3.6948,ignore,ignored_manual_review,D:\Vipin\projects\leaf_coverage_detector\experiments\9.3.coatnet_2_rw_224_experimentation\runs\exp11_6\potato\s3_Potato__crop_1765793209687,,0,0,
s3_Potato__crop_1765793343132,0.8209,negative_point,ok,D:\Vipin\projects\leaf_coverage_detector\experiments\9.3.coatnet_2_rw_224_experimentation\runs\exp11_6\potato\s3_Potato__crop_1765793343132,,0,1,
s3_Potato__crop_1765793373086,0.1212,negative_point,ok,D:\Vipin\projects\leaf_coverage_detector\experiments\9.3.coatnet_2_rw_224_experimentation\runs\exp11_6\potato\s3_Potato__crop_1765793373086,,0,1,
s3_Potato__crop_1765793382902,1.8389,ignore,ignored_manual_review,D:\Vipin\projects\leaf_coverage_detector\experiments\9.3.coatnet_2_rw_224_experimentation\runs\exp11_6\potato\s3_Potato__crop_1765793382902,,0,0,
s3_Potato__crop_1765793389980,2.014,ignore,ignored_manual_review,D:\Vipin\projects\leaf_coverage_detector\experiments\9.3.coatnet_2_rw_224_experimentation\runs\exp11_6\potato\s3_Potato__crop_1765793389980,,0,0,
s3_Potato__crop_1765793390353,1.3414,ignore,ignored_manual_review,D:\Vipin\projects\leaf_coverage_detector\experiments\9.3.coatnet_2_rw_224_experimentation\runs\exp11_6\potato\s3_Potato__crop_1765793390353,,0,0,
s3_Potato__crop_1765793409651,0.2729,negative_point,ok,D:\Vipin\projects\leaf_coverage_detector\experiments\9.3.coatnet_2_rw_224_experimentation\runs\exp11_6\potato\s3_Potato__crop_1765793409651,,0,1,
s3_Potato__crop_1765793434859,0.2217,negative_point,ok,D:\Vipin\projects\leaf_coverage_detector\experiments\9.3.coatnet_2_rw_224_experimentation\runs\exp11_6\potato\s3_Potato__crop_1765793434859,,0,1,
s3_Potato__crop_1765793451730,1.1869,ignore,ignored_manual_review,D:\Vipin\projects\leaf_coverage_detector\experiments\9.3.coatnet_2_rw_224_experimentation\runs\exp11_6\potato\s3_Potato__crop_1765793451730,,0,0,
s3_Potato__crop_1765793463307,1.672,ignore,ignored_manual_review,D:\Vipin\projects\leaf_coverage_detector\experiments\9.3.coatnet_2_rw_224_experimentation\runs\exp11_6\potato\s3_Potato__crop_1765793463307,,0,0,
s3_Potato__crop_1765793486143,0.6057,negative_point,ok,D:\Vipin\projects\leaf_coverage_detector\experiments\9.3.coatnet_2_rw_224_experimentation\runs\exp11_6\potato\s3_Potato__crop_1765793486143,,0,1,
s3_Potato__crop_1765793515143,1.2396,ignore,ignored_manual_review,D:\Vipin\projects\leaf_coverage_detector\experiments\9.3.coatnet_2_rw_224_experimentation\runs\exp11_6\potato\s3_Potato__crop_1765793515143,,0,0,
s3_Potato__crop_1765793644010,2.8735,ignore,ignored_manual_review,D:\Vipin\projects\leaf_coverage_detector\experiments\9.3.coatnet_2_rw_224_experimentation\runs\exp11_6\potato\s3_Potato__crop_1765793644010,,0,0,
s3_Potato__crop_1765793683204,12.9673,ignore,ignored_manual_review,D:\Vipin\projects\leaf_coverage_detector\experiments\9.3.coatnet_2_rw_224_experimentation\runs\exp11_6\potato\s3_Potato__crop_1765793683204,,0,0,
s3_Potato__crop_1765793698400,3.513,ignore,ignored_manual_review,D:\Vipin\projects\leaf_coverage_detector\experiments\9.3.coatnet_2_rw_224_experimentation\runs\exp11_6\potato\s3_Potato__crop_1765793698400,,0,0,
s3_Potato__crop_1765793724637,6.6411,ignore,ignored_manual_review,D:\Vipin\projects\leaf_coverage_detector\experiments\9.3.coatnet_2_rw_224_experimentation\runs\exp11_6\potato\s3_Potato__crop_1765793724637,,0,0,
s3_Potato__crop_1765793738255,1.1779,ignore,ignored_manual_review,D:\Vipin\projects\leaf_coverage_detector\experiments\9.3.coatnet_2_rw_224_experimentation\runs\exp11_6\potato\s3_Potato__crop_1765793738255,,0,0,
s3_Potato__crop_1765793823139,10.2299,ignore,ignored_manual_review,D:\Vipin\projects\leaf_coverage_detector\experiments\9.3.coatnet_2_rw_224_experimentation\runs\exp11_6\potato\s3_Potato__crop_1765793823139,,0,0,
s3_Potato__crop_1765793849963,7.6645,ignore,ignored_manual_review,D:\Vipin\projects\leaf_coverage_detector\experiments\9.3.coatnet_2_rw_224_experimentation\runs\exp11_6\potato\s3_Potato__crop_1765793849963,,0,0,
s3_Potato__crop_1765793868713,8.4202,ignore,ignored_manual_review,D:\Vipin\projects\leaf_coverage_detector\experiments\9.3.coatnet_2_rw_224_experimentation\runs\exp11_6\potato\s3_Potato__crop_1765793868713,,0,0,
s3_Potato__crop_1765793889729,7.3922,ignore,ignored_manual_review,D:\Vipin\projects\leaf_coverage_detector\experiments\9.3.coatnet_2_rw_224_experimentation\runs\exp11_6\potato\s3_Potato__crop_1765793889729,,0,0,
s3_Potato__crop_1765793913410,3.2472,ignore,ignored_manual_review,D:\Vipin\projects\leaf_coverage_detector\experiments\9.3.coatnet_2_rw_224_experimentation\runs\exp11_6\potato\s3_Potato__crop_1765793913410,,0,0,
s3_Potato__crop_1765793923428,14.2779,ignore,ignored_manual_review,D:\Vipin\projects\leaf_coverage_detector\experiments\9.3.coatnet_2_rw_224_experimentation\runs\exp11_6\potato\s3_Potato__crop_1765793923428,,0,0,
s3_Potato__crop_1765793951295,36.1853,ignore,ignored_manual_review,D:\Vipin\projects\leaf_coverage_detector\experiments\9.3.coatnet_2_rw_224_experimentation\runs\exp11_6\potato\s3_Potato__crop_1765793951295,,0,0,
s3_Potato__crop_1765793986132,10.1115,ignore,ignored_manual_review,D:\Vipin\projects\leaf_coverage_detector\experiments\9.3.coatnet_2_rw_224_experimentation\runs\exp11_6\potato\s3_Potato__crop_1765793986132,,0,0,
s3_Potato__crop_1765794016088,5.7961,ignore,ignored_manual_review,D:\Vipin\projects\leaf_coverage_detector\experiments\9.3.coatnet_2_rw_224_experimentation\runs\exp11_6\potato\s3_Potato__crop_1765794016088,,0,0,
s3_Potato__crop_1765794324114,2.8352,ignore,ignored_manual_review,D:\Vipin\projects\leaf_coverage_detector\experiments\9.3.coatnet_2_rw_224_experimentation\runs\exp11_6\potato\s3_Potato__crop_1765794324114,,0,0,
s3_Potato__crop_1765794489245,3.1634,ignore,ignored_manual_review,D:\Vipin\projects\leaf_coverage_detector\experiments\9.3.coatnet_2_rw_224_experimentation\runs\exp11_6\potato\s3_Potato__crop_1765794489245,,0,0,
s3_Potato__crop_1765794585970,22.6644,ignore,ignored_manual_review,D:\Vipin\projects\leaf_coverage_detector\experiments\9.3.coatnet_2_rw_224_experimentation\runs\exp11_6\potato\s3_Potato__crop_1765794585970,,0,0,
s3_Potato__d01d006607aa9fc5,21.3412,ignore,ignored_manual_review,D:\Vipin\projects\leaf_coverage_detector\experiments\9.3.coatnet_2_rw_224_experimentation\runs\exp11_6\potato\s3_Potato__d01d006607aa9fc5,,0,0,
s3_Potato__d0d6c4fd892c4983,0.0,negative_point,ok,D:\Vipin\projects\leaf_coverage_detector\experiments\9.3.coatnet_2_rw_224_experimentation\runs\exp11_6\potato\s3_Potato__d0d6c4fd892c4983,,0,1,
s3_Potato__d2c1879c93ce089c,17.448,ignore,ignored_manual_review,D:\Vipin\projects\leaf_coverage_detector\experiments\9.3.coatnet_2_rw_224_experimentation\runs\exp11_6\potato\s3_Potato__d2c1879c93ce089c,,0,0,
s3_Potato__d3982f84ee6d13bf,11.2112,ignore,ignored_manual_review,D:\Vipin\projects\leaf_coverage_detector\experiments\9.3.coatnet_2_rw_224_experimentation\runs\exp11_6\potato\s3_Potato__d3982f84ee6d13bf,,0,0,
s3_Potato__d40c3cf32a2a2f93,38.8542,ignore,ignored_manual_review,D:\Vipin\projects\leaf_coverage_detector\experiments\9.3.coatnet_2_rw_224_experimentation\runs\exp11_6\potato\s3_Potato__d40c3cf32a2a2f93,,0,0,
s3_Potato__d483085e5ee4b229,21.2657,ignore,ignored_manual_review,D:\Vipin\projects\leaf_coverage_detector\experiments\9.3.coatnet_2_rw_224_experimentation\runs\exp11_6\potato\s3_Potato__d483085e5ee4b229,,0,0,
s3_Potato__d4e5a00bbcbe590e,6.7913,ignore,ignored_manual_review,D:\Vipin\projects\leaf_coverage_detector\experiments\9.3.coatnet_2_rw_224_experimentation\runs\exp11_6\potato\s3_Potato__d4e5a00bbcbe590e,,0,0,
s3_Potato__d5f97aea4976a640,0.323,negative_point,ok,D:\Vipin\projects\leaf_coverage_detector\experiments\9.3.coatnet_2_rw_224_experimentation\runs\exp11_6\potato\s3_Potato__d5f97aea4976a640,,0,1,
s3_Potato__d655e8fc1908673b,3.8828,ignore,ignored_manual_review,D:\Vipin\projects\leaf_coverage_detector\experiments\9.3.coatnet_2_rw_224_experimentation\runs\exp11_6\potato\s3_Potato__d655e8fc1908673b,,0,0,
s3_Potato__d6aa100481250150,0.0,negative_point,ok,D:\Vipin\projects\leaf_coverage_detector\experiments\9.3.coatnet_2_rw_224_experimentation\runs\exp11_6\potato\s3_Potato__d6aa100481250150,,0,1,
s3_Potato__d70dce93517c3543,34.1039,ignore,ignored_manual_review,D:\Vipin\projects\leaf_coverage_detector\experiments\9.3.coatnet_2_rw_224_experimentation\runs\exp11_6\potato\s3_Potato__d70dce93517c3543,,0,0,
s3_Potato__d79f81efcdbf7eda,41.0319,ignore,ignored_manual_review,D:\Vipin\projects\leaf_coverage_detector\experiments\9.3.coatnet_2_rw_224_experimentation\runs\exp11_6\potato\s3_Potato__d79f81efcdbf7eda,,0,0,
s3_Potato__d7d1789b4e3fc581,13.8613,ignore,ignored_manual_review,D:\Vipin\projects\leaf_coverage_detector\experiments\9.3.coatnet_2_rw_224_experimentation\runs\exp11_6\potato\s3_Potato__d7d1789b4e3fc581,,0,0,
s3_Potato__d923fdd96da7085b,33.6012,ignore,ignored_manual_review,D:\Vipin\projects\leaf_coverage_detector\experiments\9.3.coatnet_2_rw_224_experimentation\runs\exp11_6\potato\s3_Potato__d923fdd96da7085b,,0,0,
s3_Potato__da091c5524b167bb,0.8396,negative_point,ok,D:\Vipin\projects\leaf_coverage_detector\experiments\9.3.coatnet_2_rw_224_experimentation\runs\exp11_6\potato\s3_Potato__da091c5524b167bb,,0,1,
s3_Potato__db91b1505ae627b7,0.0,negative_point,ok,D:\Vipin\projects\leaf_coverage_detector\experiments\9.3.coatnet_2_rw_224_experimentation\runs\exp11_6\potato\s3_Potato__db91b1505ae627b7,,0,1,
s3_Potato__dcf60d8a44a36f26,32.8632,ignore,ignored_manual_review,D:\Vipin\projects\leaf_coverage_detector\experiments\9.3.coatnet_2_rw_224_experimentation\runs\exp11_6\potato\s3_Potato__dcf60d8a44a36f26,,0,0,
s3_Potato__ddb1fd5707f31d0d,0.3028,negative_point,ok,D:\Vipin\projects\leaf_coverage_detector\experiments\9.3.coatnet_2_rw_224_experimentation\runs\exp11_6\potato\s3_Potato__ddb1fd5707f31d0d,,0,1,
s3_Potato__de04c632f1c08535,0.5975,negative_point,ok,D:\Vipin\projects\leaf_coverage_detector\experiments\9.3.coatnet_2_rw_224_experimentation\runs\exp11_6\potato\s3_Potato__de04c632f1c08535,,0,1,
s3_Potato__dfac79ca6b444cab,0.3455,negative_point,ok,D:\Vipin\projects\leaf_coverage_detector\experiments\9.3.coatnet_2_rw_224_experimentation\runs\exp11_6\potato\s3_Potato__dfac79ca6b444cab,,0,1,
s3_Potato__dfbf8b78a3217356,19.9949,ignore,ignored_manual_review,D:\Vipin\projects\leaf_coverage_detector\experiments\9.3.coatnet_2_rw_224_experimentation\runs\exp11_6\potato\s3_Potato__dfbf8b78a3217356,,0,0,
s3_Potato__e009da4caf6c29c0,0.0192,negative_point,ok,D:\Vipin\projects\leaf_coverage_detector\experiments\9.3.coatnet_2_rw_224_experimentation\runs\exp11_6\potato\s3_Potato__e009da4caf6c29c0,,0,1,
s3_Potato__e05f7d80e6f45bfe,0.9273,negative_point,ok,D:\Vipin\projects\leaf_coverage_detector\experiments\9.3.coatnet_2_rw_224_experimentation\runs\exp11_6\potato\s3_Potato__e05f7d80e6f45bfe,,0,1,
s3_Potato__e38e567d9659c66b,2.6302,ignore,ignored_manual_review,D:\Vipin\projects\leaf_coverage_detector\experiments\9.3.coatnet_2_rw_224_experimentation\runs\exp11_6\potato\s3_Potato__e38e567d9659c66b,,0,0,
s3_Potato__e4315797cedc277d,1.1875,ignore,ignored_manual_review,D:\Vipin\projects\leaf_coverage_detector\experiments\9.3.coatnet_2_rw_224_experimentation\runs\exp11_6\potato\s3_Potato__e4315797cedc277d,,0,0,
s3_Potato__e432732ef7938eb9,0.0,negative_point,ok,D:\Vipin\projects\leaf_coverage_detector\experiments\9.3.coatnet_2_rw_224_experimentation\runs\exp11_6\potato\s3_Potato__e432732ef7938eb9,,0,1,
s3_Potato__e52a523ed59f462d,13.8998,ignore,ignored_manual_review,D:\Vipin\projects\leaf_coverage_detector\experiments\9.3.coatnet_2_rw_224_experimentation\runs\exp11_6\potato\s3_Potato__e52a523ed59f462d,,0,0,
s3_Potato__e5c4440aa41e7af1,0.0,negative_point,ok,D:\Vipin\projects\leaf_coverage_detector\experiments\9.3.coatnet_2_rw_224_experimentation\runs\exp11_6\potato\s3_Potato__e5c4440aa41e7af1,,0,1,
s3_Potato__e618bfabf1ee8eb1,14.6449,ignore,ignored_manual_review,D:\Vipin\projects\leaf_coverage_detector\experiments\9.3.coatnet_2_rw_224_experimentation\runs\exp11_6\potato\s3_Potato__e618bfabf1ee8eb1,,0,0,
s3_Potato__e65da4f32a7d0bcb,30.6718,ignore,ignored_manual_review,D:\Vipin\projects\leaf_coverage_detector\experiments\9.3.coatnet_2_rw_224_experimentation\runs\exp11_6\potato\s3_Potato__e65da4f32a7d0bcb,,0,0,
s3_Potato__e664ae915c6ac955,3.3596,ignore,ignored_manual_review,D:\Vipin\projects\leaf_coverage_detector\experiments\9.3.coatnet_2_rw_224_experimentation\runs\exp11_6\potato\s3_Potato__e664ae915c6ac955,,0,0,
s3_Potato__e6e834eaecd8efc4,0.7941,negative_point,ok,D:\Vipin\projects\leaf_coverage_detector\experiments\9.3.coatnet_2_rw_224_experimentation\runs\exp11_6\potato\s3_Potato__e6e834eaecd8efc4,,0,1,
s3_Potato__e85d3c821ff76b86,0.0,negative_point,ok,D:\Vipin\projects\leaf_coverage_detector\experiments\9.3.coatnet_2_rw_224_experimentation\runs\exp11_6\potato\s3_Potato__e85d3c821ff76b86,,0,1,
s3_Potato__e954dd343b02cfa8,14.2167,ignore,ignored_manual_review,D:\Vipin\projects\leaf_coverage_detector\experiments\9.3.coatnet_2_rw_224_experimentation\runs\exp11_6\potato\s3_Potato__e954dd343b02cfa8,,0,0,
s3_Potato__ea77c23db0b33242,68.1879,ignore,ignored_manual_review,D:\Vipin\projects\leaf_coverage_detector\experiments\9.3.coatnet_2_rw_224_experimentation\runs\exp11_6\potato\s3_Potato__ea77c23db0b33242,,0,0,
s3_Potato__eaf06c302b3202d6,5.213,ignore,ignored_manual_review,D:\Vipin\projects\leaf_coverage_detector\experiments\9.3.coatnet_2_rw_224_experimentation\runs\exp11_6\potato\s3_Potato__eaf06c302b3202d6,,0,0,
s3_Potato__ebb9b7409d00f251,22.954,ignore,ignored_manual_review,D:\Vipin\projects\leaf_coverage_detector\experiments\9.3.coatnet_2_rw_224_experimentation\runs\exp11_6\potato\s3_Potato__ebb9b7409d00f251,,0,0,
s3_Potato__ec6cecdaaaf7bd53,19.0878,ignore,ignored_manual_review,D:\Vipin\projects\leaf_coverage_detector\experiments\9.3.coatnet_2_rw_224_experimentation\runs\exp11_6\potato\s3_Potato__ec6cecdaaaf7bd53,,0,0,
s3_Potato__eda6d0e174033708,30.0956,ignore,ignored_manual_review,D:\Vipin\projects\leaf_coverage_detector\experiments\9.3.coatnet_2_rw_224_experimentation\runs\exp11_6\potato\s3_Potato__eda6d0e174033708,,0,0,
s3_Potato__edf170d86d1a6d67,1.993,ignore,ignored_manual_review,D:\Vipin\projects\leaf_coverage_detector\experiments\9.3.coatnet_2_rw_224_experimentation\runs\exp11_6\potato\s3_Potato__edf170d86d1a6d67,,0,0,
s3_Potato__ee9769b5d069faf1,21.8244,ignore,ignored_manual_review,D:\Vipin\projects\leaf_coverage_detector\experiments\9.3.coatnet_2_rw_224_experimentation\runs\exp11_6\potato\s3_Potato__ee9769b5d069faf1,,0,0,
s3_Potato__ef8cfed5786e0c93,0.0,negative_point,ok,D:\Vipin\projects\leaf_coverage_detector\experiments\9.3.coatnet_2_rw_224_experimentation\runs\exp11_6\potato\s3_Potato__ef8cfed5786e0c93,,0,1,
s3_Potato__f2ce8664c4ec06a7,0.0,negative_point,ok,D:\Vipin\projects\leaf_coverage_detector\experiments\9.3.coatnet_2_rw_224_experimentation\runs\exp11_6\potato\s3_Potato__f2ce8664c4ec06a7,,0,1,
s3_Potato__f37223a2f507901c,6.1921,ignore,ignored_manual_review,D:\Vipin\projects\leaf_coverage_detector\experiments\9.3.coatnet_2_rw_224_experimentation\runs\exp11_6\potato\s3_Potato__f37223a2f507901c,,0,0,
s3_Potato__f44b37b86fefd27e,1.2239,ignore,ignored_manual_review,D:\Vipin\projects\leaf_coverage_detector\experiments\9.3.coatnet_2_rw_224_experimentation\runs\exp11_6\potato\s3_Potato__f44b37b86fefd27e,,0,0,
s3_Potato__f4605ff10b3343c2,1.3017,ignore,ignored_manual_review,D:\Vipin\projects\leaf_coverage_detector\experiments\9.3.coatnet_2_rw_224_experimentation\runs\exp11_6\potato\s3_Potato__f4605ff10b3343c2,,0,0,
s3_Potato__f555a1c9a675f18d,58.8196,ignore,ignored_manual_review,D:\Vipin\projects\leaf_coverage_detector\experiments\9.3.coatnet_2_rw_224_experimentation\runs\exp11_6\potato\s3_Potato__f555a1c9a675f18d,,0,0,
s3_Potato__f63cb45a3d043807,68.868,ignore,ignored_manual_review,D:\Vipin\projects\leaf_coverage_detector\experiments\9.3.coatnet_2_rw_224_experimentation\runs\exp11_6\potato\s3_Potato__f63cb45a3d043807,,0,0,
s3_Potato__f7d29a73d65d475f,46.4351,ignore,ignored_manual_review,D:\Vipin\projects\leaf_coverage_detector\experiments\9.3.coatnet_2_rw_224_experimentation\runs\exp11_6\potato\s3_Potato__f7d29a73d65d475f,,0,0,
s3_Potato__f890f13e1418ee78,1.4756,ignore,ignored_manual_review,D:\Vipin\projects\leaf_coverage_detector\experiments\9.3.coatnet_2_rw_224_experimentation\runs\exp11_6\potato\s3_Potato__f890f13e1418ee78,,0,0,
s3_Potato__fb88fa38eb7aa1b1,5.035,ignore,ignored_manual_review,D:\Vipin\projects\leaf_coverage_detector\experiments\9.3.coatnet_2_rw_224_experimentation\runs\exp11_6\potato\s3_Potato__fb88fa38eb7aa1b1,,0,0,
s3_Potato__fc00fcc72271b3bb,22.3958,ignore,ignored_manual_review,D:\Vipin\projects\leaf_coverage_detector\experiments\9.3.coatnet_2_rw_224_experimentation\runs\exp11_6\potato\s3_Potato__fc00fcc72271b3bb,,0,0,
s3_Potato__fc14ccaa14450445,28.5942,ignore,ignored_manual_review,D:\Vipin\projects\leaf_coverage_detector\experiments\9.3.coatnet_2_rw_224_experimentation\runs\exp11_6\potato\s3_Potato__fc14ccaa14450445,,0,0,
s3_Potato__fce1f2e746fbfcf9,11.3688,ignore,ignored_manual_review,D:\Vipin\projects\leaf_coverage_detector\experiments\9.3.coatnet_2_rw_224_experimentation\runs\exp11_6\potato\s3_Potato__fce1f2e746fbfcf9,,0,0,
s3_Potato__fcfa1d6733903cfc,1.2076,ignore,ignored_manual_review,D:\Vipin\projects\leaf_coverage_detector\experiments\9.3.coatnet_2_rw_224_experimentation\runs\exp11_6\potato\s3_Potato__fcfa1d6733903cfc,,0,0,
s3_Potato__fda6d9a88729123b,13.6072,ignore,ignored_manual_review,D:\Vipin\projects\leaf_coverage_detector\experiments\9.3.coatnet_2_rw_224_experimentation\runs\exp11_6\potato\s3_Potato__fda6d9a88729123b,,0,0,
s3_Potato__fda8dc60f859c693,53.4346,ignore,ignored_manual_review,D:\Vipin\projects\leaf_coverage_detector\experiments\9.3.coatnet_2_rw_224_experimentation\runs\exp11_6\potato\s3_Potato__fda8dc60f859c693,,0,0,
